Update item,Notes for current year
Major regulatory changes,"Illustrative response for Major regulatory changes: evidence documented, limitations noted, and an accountable owner assigned."
Updated evidence standards or reporting guidelines,"Illustrative response for Updated evidence standards or reporting guidelines: evidence documented, limitations noted, and an accountable owner assigned."
New AI health economics studies or reviews,"Illustrative response for New AI health economics studies or reviews: evidence documented, limitations noted, and an accountable owner assigned."
"New privacy, cybersecurity, or data governance requirements","Illustrative response for New privacy, cybersecurity, or data governance requirements: evidence documented, limitations noted, and an accountable owner assigned."
"New examples of generative, multimodal, or agentic AI in healthcare","Illustrative response for New examples of generative, multimodal, or agentic AI in healthcare: evidence documented, limitations noted, and an accountable owner assigned."
"Important AI failures, recalls, or safety incidents","Illustrative response for Important AI failures, recalls, or safety incidents: evidence documented, limitations noted, and an accountable owner assigned."
New reimbursement or procurement developments,"Illustrative response for New reimbursement or procurement developments: evidence documented, limitations noted, and an accountable owner assigned."
Worked examples to replace or revise,"Illustrative response for Worked examples to replace or revise: evidence documented, limitations noted, and an accountable owner assigned."
Recommended updates to guidance or templates,"Illustrative response for Recommended updates to guidance or templates: evidence documented, limitations noted, and an accountable owner assigned."
