Factor,Maintain,Repair / upgrade,Share / service model,Refurbish / remanufacture,Replace,Evidence / threshold
Upfront and lifecycle cost,,,,,,
Remaining useful life,,,,,,
Clinical performance and validation,,,,,,
"Reliability, downtime, and resilience",,,,,,
"Energy, water, materials, and consumables",,,,,,
"Software, security, interoperability, and support",,,,,,
"Workforce, workflow, and training",,,,,,
"Warranty, service, and parts availability",,,,,,
"Residual value, take-back, and disposition",,,,,,
Equity and distributional effects,,,,,,
Uncertainty and rebound,,,,,,
Decision status,,,,,,
