Activity,Board / executive,Clinical lead,Operations,IT/data,Economics/finance,Ethics/privacy,Procurement/legal,Vendor,Patient/public
Define problem and comparator,,,,,,,,,
Approve intended use and risk category,,,,,,,,,
Assess data and interoperability,,,,,,,,,
Appraise clinical and technical evidence,,,,,,,,,
Conduct economic evaluation,,,,,,,,,
"Assess ethics, equity, privacy, and trust",,,,,,,,,
Approve tender and contract,,,,,,,,,
Conduct local validation,,,,,,,,,
Approve pilot and training,,,,,,,,,
Monitor performance and incidents,,,,,,,,,
Approve updates or expansion,,,,,,,,,
"Renew, restrict, replace, or retire",,,,,,,,,
