Domain,1 Fragmented,2 Digitized,3 Data-driven,4 AI-assisted,5 Learning AI-enabled,Evidence / priority
Infrastructure,Disconnected or partly paper based,Core systems; reliability gaps,Reliable platforms and reporting,Integrated services support scoped AI,Resilient architecture and lifecycle tooling,"Illustrative response for Infrastructure: evidence documented, limitations noted, and an accountable owner assigned."
Interoperability,Manual transfer and duplicate entry,Point interfaces and inconsistent identifiers,Defined exchange and common identifiers,Use-case standards and provenance,Semantic interoperability and continuous quality,"Illustrative response for Interoperability: evidence documented, limitations noted, and an accountable owner assigned."
Data quality,Unknown or inconsistent,Periodic manual checks,Defined indicators and ownership,Use-case controls and validation,Automated drift and quality surveillance,"Illustrative response for Data quality: evidence documented, limitations noted, and an accountable owner assigned."
Governance,Ad hoc and unclear ownership,Digital/data committees,Formal policies and decision records,"AI governance, impact review, named owners",Integrated management system and portfolio learning,"Illustrative response for Governance: evidence documented, limitations noted, and an accountable owner assigned."
Economics,Price-focused,Basic business case,Budget and benefit tracking,TCAIO and formal CEA/BIA,Adaptive economics and portfolio optimization,"Illustrative response for Economics: evidence documented, limitations noted, and an accountable owner assigned."
Workforce,Workarounds and low literacy,Basic digital training,Change-management capacity,Role-specific AI competence,"Continuous learning, simulation, new roles","Illustrative response for Workforce: evidence documented, limitations noted, and an accountable owner assigned."
Cybersecurity,Reactive,Basic controls and backup,Documented risk and incident response,AI/vendor assurance and resilience testing,"Continuous threat, model, and supply-chain monitoring","Illustrative response for Cybersecurity: evidence documented, limitations noted, and an accountable owner assigned."
Patient/public,Minimal involvement,Episodic consultation,Project-level engagement,Co-design and equity assessment,Ongoing governance representation and feedback,"Illustrative response for Patient/public: evidence documented, limitations noted, and an accountable owner assigned."
Monitoring,No post-launch review,Project KPIs,Routine operational review,Algorithmovigilance for AI uses,Portfolio-level lifecycle evaluation and de-adoption,"Illustrative response for Monitoring: evidence documented, limitations noted, and an accountable owner assigned."
