Memo section,Content to include
Project title,"Illustrative response for Project title: evidence documented, limitations noted, and an accountable owner assigned."
Problem statement,"Illustrative response for Problem statement: evidence documented, limitations noted, and an accountable owner assigned."
Comparator,"Illustrative response for Comparator: evidence documented, limitations noted, and an accountable owner assigned."
Target population,"Illustrative response for Target population: evidence documented, limitations noted, and an accountable owner assigned."
Expected value mechanism,"Illustrative response for Expected value mechanism: evidence documented, limitations noted, and an accountable owner assigned."
Evidence summary,"Illustrative response for Evidence summary: evidence documented, limitations noted, and an accountable owner assigned."
Cost summary,"Illustrative response for Cost summary: evidence documented, limitations noted, and an accountable owner assigned."
Ethical and equity risks,"Illustrative response for Ethical and equity risks: evidence documented, limitations noted, and an accountable owner assigned."
Implementation pathway,"Illustrative response for Implementation pathway: evidence documented, limitations noted, and an accountable owner assigned."
Decision requested,"Illustrative response for Decision requested: evidence documented, limitations noted, and an accountable owner assigned."
Conditions of approval,"Illustrative response for Conditions of approval: evidence documented, limitations noted, and an accountable owner assigned."
