Instrument or family,Status,Primary function,Appropriate use,Important limit,Jurisdiction or setting,Version or date,Owner,Next review
EU AI Act,Binding regulation,Risk-based legal governance,Determine applicable duties and implementation controls,Does not establish clinical effectiveness or cost-effectiveness,European Union,Verify current consolidated text,,
European Health Data Space,Binding regulation with phased implementation,"Health-data access, exchange, secondary use and interoperability","Plan transition, governance and evidence infrastructure",Does not make all data uses automatically lawful or appropriate,European Union,Verify current implementation phase,,
EU HTA Regulation,Binding regulation,Joint clinical assessment context,Coordinate EU clinical evidence with national and local decisions,"Does not replace economic, reimbursement or procurement decisions",European Union,Verify current scope and transition,,
ISO/IEC 42001,Voluntary international standard,AI management system,"Structure organizational policy, roles, controls and continual improvement",Conformity does not prove local clinical benefit,Global,2023 edition unless superseded,,
NIST AI RMF,Voluntary framework,"Govern, Map, Measure and Manage risk",Structure generic AI risk-management work,Not healthcare-specific law or approval,Global / United States origin,1.0 (2023) unless superseded,,
TRIPOD+AI / STARD-AI / DECIDE-AI / SPIRIT-AI / CONSORT-AI / CHEERS-AI / PRISMA,Reporting guidelines,Transparent study reporting,Select by study design and evidence stage,Checklist adherence does not establish low bias or validity,Global research reporting,Verify current extension and correction,,
PROBAST+AI / GRADE-CERQual,Appraisal approaches,"Risk of bias, applicability, or confidence appraisal",Critically assess prediction or qualitative synthesis evidence,Not regulatory or institutional approval,Global evidence appraisal,Verify current guidance,,
CFIR / NASSS-CAT / RE-AIM-PRISM / TAM-UTAUT,Implementation frameworks and theories,"Determinants, complexity, outcomes, sustainability, or acceptance",Match framework to implementation question,"Not a complete AI safety, economic, or governance system",Global implementation research,Verify current framework version,,
AI-HEVG and related book frameworks,Proposed author-developed decision aids,Integrated institutional decision support,Structure deliberation and documentation,Not externally standardized or validated instruments,Book-specific,Current companion version,,
