Exit workstream,Required action,Owner,Dependency,Deadline,Completion evidence
Clinical continuity and fallback workflow,,Named project owner,,,"Illustrative response for Clinical continuity and fallback workflow: evidence documented, limitations noted, and an accountable owner assigned."
Patient and workforce communication,,Named project owner,,,"Illustrative response for Patient and workforce communication: evidence documented, limitations noted, and an accountable owner assigned."
"Data export, retention, and deletion",,Named project owner,,,"Illustrative response for Data export, retention, and deletion: evidence documented, limitations noted, and an accountable owner assigned."
Interface and access removal,,Named project owner,,,"Illustrative response for Interface and access removal: evidence documented, limitations noted, and an accountable owner assigned."
Record and audit preservation,,Named project owner,,,"Illustrative response for Record and audit preservation: evidence documented, limitations noted, and an accountable owner assigned."
Cybersecurity closure and credential revocation,,Named project owner,,,"Illustrative response for Cybersecurity closure and credential revocation: evidence documented, limitations noted, and an accountable owner assigned."
Replacement or manual process validation,,Named project owner,,,"Illustrative response for Replacement or manual process validation: evidence documented, limitations noted, and an accountable owner assigned."
Contract termination and financial settlement,,Named project owner,,,"Illustrative response for Contract termination and financial settlement: evidence documented, limitations noted, and an accountable owner assigned."
Post-exit safety and outcome monitoring,,Named project owner,,,"Illustrative response for Post-exit safety and outcome monitoring: evidence documented, limitations noted, and an accountable owner assigned."
Lessons learned and portfolio update,,Named project owner,,,"Illustrative response for Lessons learned and portfolio update: evidence documented, limitations noted, and an accountable owner assigned."
