Domain,Indicator / definition,Baseline / target,Threshold,Frequency,Owner,Response
Clinical performance,,,,,Named project owner,"Illustrative response for Clinical performance: evidence documented, limitations noted, and an accountable owner assigned."
Patient safety,,,,,Named project owner,"Illustrative response for Patient safety: evidence documented, limitations noted, and an accountable owner assigned."
Equity / subgroup,,,,,Named project owner,"Illustrative response for Equity / subgroup: evidence documented, limitations noted, and an accountable owner assigned."
Workflow / burden,,,,,Named project owner,"Illustrative response for Workflow / burden: evidence documented, limitations noted, and an accountable owner assigned."
Economic value / budget,,,,,Named project owner,"Illustrative response for Economic value / budget: evidence documented, limitations noted, and an accountable owner assigned."
Trust / adoption,,,,,Named project owner,"Illustrative response for Trust / adoption: evidence documented, limitations noted, and an accountable owner assigned."
Data quality / drift,,,,,Named project owner,"Illustrative response for Data quality / drift: evidence documented, limitations noted, and an accountable owner assigned."
Cybersecurity / privacy,,,,,Named project owner,"Illustrative response for Cybersecurity / privacy: evidence documented, limitations noted, and an accountable owner assigned."
Governance / open actions,,,,,Named project owner,"Illustrative response for Governance / open actions: evidence documented, limitations noted, and an accountable owner assigned."
